Variable,Mean,Median,Std,Min,Max
Value per unit of land,14.432732634608449,13.244428206065,8.598965776673614,0.152360929872892,54.0245566166439
price of land,2.2548217309280765,2.11066466573075,1.2820256259658005,0.0494949494949495,6.99183085055262
